SalesPersonCode,FirstName,LastName,Email,Gender
usr009,Andrew,Andrews,aandrews8@howstuffworks.com,M
usr005,Annie,Fox,afox4@bbb.org,Female
usr024,Barbara,Martinez,bmartinezn@jugem.jp,F
usr020,Bobby,Bishop,bbishopj@globo.com,Male
usr007,Christina,Cook,ccook6@sbwire.com,Female
usr044,Clarence,Ortiz,cortiz17@home.pl,Male
usr025,David,Carr,dcarro@mac.com,Male
usr048,Debra,Riley,driley1b@princeton.edu,Female
usr017,Donald,Thomas,dthomasg@google.fr,M
usr021,Doris,Jones,djonesk@telegraph.co.uk,Female
usr006,Dorothy,Garrett,dgarrett5@taobao.com,Female
usr002,Dorothy,Hill,dhill1@google.com.au,Female
usr038,Douglas,Jenkins,djenkins11@quantcast.com,m
usr011,Edward,Kennedy,ekennedya@over-blog.com,m
usr001,Elizabeth,Hayes,ehayes0@shutterfly.com,f
usr022,Elizabeth,Weaver,eweaverl@wikia.com,f
usr045,Frances,Walker,fwalker18@privacy.gov.au,f
usr030,Frank,Fernandez,ffernandezt@mediafire.com,Male
usr034,Gloria,Fisher,gfisherx@amazon.com,F
usr010,Gregory,Sanders,gsanders9@google.es,Male
usr028,Jennifer,Bell,jbellr@people.com.cn,Female
usr042,Jessica,Larson,jlarson15@sogou.com,Female
usr032,Joe,Perry,jperryv@yahoo.com,Male
usr014,Joe,Warren,jwarrend@army.mil,Male
usr040,Judy,Snyder,jsnyder13@booking.com,Female
usr046,Kathleen,Scott,kscott19@reference.com,Female
usr033,Keith,Cox,kcoxw@dropbox.com,Male
usr029,Kelly,Howell,khowells@vimeo.com,Female
usr016,Kevin,Edwards,kedwardsf@globo.com,Male
usr041,Lillian,Mills,lmills14@eepurl.com,Female
usr013,Louis,Rice,lricec@surveymonkey.com,Male
usr031,Margaret,Matthews,mmatthewsu@xrea.com,Female
usr050,Maria,Stanley,mstanley1d@over-blog.com,Female
usr047,Martin,King,mking1a@marketwatch.com,Male
usr015,Melissa,Lynch,mlynche@google.de,Female
usr036,Nicole,Mendoza,nmendozaz@disqus.com,Female
usr027,Patricia,Jacobs,pjacobsq@state.tx.us,Female
usr008,Rachel,Arnold,rarnold7@wunderground.com,Female
usr026,Ralph,Ramos,rramosp@wufoo.com,Male
usr023,Randy,Brown,rbrownm@si.edu,Male
usr043,Raymond,Johnston,rjohnston16@cocolog-nifty.com,Male
usr049,Rose,Stone,rstone1c@techcrunch.com,Female
usr018,Roy,Jackson,rjacksonh@jimdo.com,Male
usr039,Samuel,Cruz,scruz12@ask.com,Male
usr037,Samuel,Martin,smartin10@flavors.me,Male
usr012,Terry,Ruiz,truizb@stumbleupon.com,Other
usr003,Wayne,Parker,wparker2@dot.gov,Other
usr019,William,Grant,wgranti@qq.com,Male
usr035,Willie,Jackson,wjacksony@wunderground.com,Male
usr004,Willie,Montgomery,wmontgomery3@princeton.edu,Male
